MBID,,Gong tone,Shengqiang 0: 二黄 1: 西皮 3: others
2df7c9f6-b34f-4c37-a23f-a0e95fe2a96c,/京剧之星：刁丽专辑/01 白蛇传：青妹慢举龙泉宝剑.mp3,337.5,1
01e77b0c-7d3e-44f3-920b-d7f1da27dad8,/京剧之星：刁丽专辑/02 白蛇传：亲儿的脸，吻儿的腮.mp3,422.5,3
6877bf67-4259-48c2-853d-530fcd7fadab,/京剧之星：刁丽专辑/03 杨门女将：宗保诞辰心欢畅.mp3,334,2
1e5c5b95-24df-46fe-b547-480dd773eebb,/京剧之星：刁丽专辑/04 杨门女将：风萧萧雾漫漫星光惨淡.mp3,,3
e7cfd9ed-dd86-451a-8a62-0fec79df7198,/京剧之星：刁丽专辑/05 霸王别姬：劝君王饮酒听虞歌.mp3,330.75,2
3554edb2-f778-43c4-8a89-52fd88f1317f,/京剧之星：刁丽专辑/06 天女散花：祥云冉冉波罗天.mp3,336,2
394dbaef-3410-4303-a451-b758c7e14774,/京剧之星：刁丽专辑/07 天女散花：观世音满月面珠开妙相.mp3,336,2
1845b538-0110-48ab-b4d8-b0a63eec7d1d,/京剧之星：刁丽专辑/08 龙凤呈祥：昔日里梁鸿配孟光.mp3,323,2
1e705224-0b44-48aa-a0de-6386cda9d517,/京剧之星：刘桂娟专辑/01 锁麟囊：春秋亭外风雨暴.mp3,336,2
61dd663f-77b8-423b-8ce9-4c40fee8b014,/京剧之星：刘桂娟专辑/02 锁麟囊：当日里好风光忽觉转变.mp3,329,2
54bbce46-3e0c-4fff-b18a-4a6f49122f73,/京剧之星：刘桂娟专辑/03 六月雪：未开言思往事心中惆怅.mp3,296.65,1
58c7cfe8-57e2-4a76-9631-6998a26bd38d,/京剧之星：刘桂娟专辑/04 陈三两：陈三两在大堂把话云.mp3,332,2
b0e8f022-d7ef-4978-a270-7d7649e7264a,/京剧之星：刘桂娟专辑/05 陈三两：家住山东在临清.mp3,296,1
df0ada9d-c710-4a32-bf6a-0adbfe540454,/京剧之星：刘桂娟专辑/06 六月雪：没来由遭刑宪受此大难.mp3,,3
3a5edee5-231b-432c-a1d3-aa4f3ea62f71,/京剧之星：包飞专辑/01 飞虎山：安敬思生来命不强.mp3,374,2
6394ae75-27e7-4ea4-b027-e282dd52245c,/京剧之星：包飞专辑/02 柳荫记：远山叠翠如含笑.mp3,338.7,2
5abc111f-df8f-41a3-9388-0efc50e6b76b,/京剧之星：包飞专辑/03 白蛇传：那一日炉中焚宝香.mp3,510,3
37592a8d-6fd0-428b-b942-f746b1f1adce,/京剧之星：包飞专辑/04 辕门射戟： 将军休要逞刚强.mp3,359,2
178f76ff-c505-462c-9d99-69684b574cb0,/京剧之星：包飞专辑/05 桃花扇：国家事早已不堪问.mp3,,3
5b7e9608-c1cc-4e08-9d22-66f3119f136f,/京剧之星：包飞专辑/06 白门楼：某一件貂蝉女心如烈火.mp3,373,2
8f007f67-3e44-4812-bc00-ca2d794800f1,/京剧之星：包飞专辑/07 白门楼：今日里在阵前打败一仗.mp3,380,2
9880d99b-011b-41fc-8030-4140a80ec5dc,/京剧之星：包飞专辑/08 周仁献嫂：劝娘子休得要如此毁谤.mp3,302,1
ffd8b7ef-17ef-4277-b7c9-51a19fdc7814,/京剧之星：包飞专辑/09 监酒令：忧国家只觉得神魂飘荡.mp3,327,2
89fc7538-ac8a-497b-a57a-2efc73a6f3b6,/京剧之星：包飞专辑/10 玉门关： 说什么敌众我寡难取胜.mp3,,2
40450662-f5b6-4c2c-940f-885fc5cee2a3,/京剧之星：包飞专辑/11 蝴蝶杯： 朦胧间传来了一更一点.mp3,,3
01661eb4-114d-4671-af82-14b8fead56e1,/京剧之星：包飞专辑/12 罗成托兆：天下荒荒无真主呀.mp3,,1
1f2c4cc0-8ebe-4d38-9086-9df8434cccc3,/京剧之星：包飞专辑/13 罗成托兆：恨只恨三千岁挂了帅印.mp3,,2
373f5b60-94ec-4462-9384-312abeffc039,/京剧之星：史依弘专辑/01 西施：西施女生长在住苎萝里.mp3,339,2
bcf80b28-f2fb-43e5-b2ba-c3e654420df5,/京剧之星：史依弘专辑/02 西施：多蒙尊宫身光降.mp3,339,2
35bf3153-382f-4f5a-b599-5122ce089fca,/京剧之星：史依弘专辑/03 西施：坐春闺只觉得光阳似箭.mp3,303,1
ee75187e-c502-4b21-af6f-02e5813c24e7,/京剧之星：史依弘专辑/04 西施：水殿风来秋气紧.mp3,305,1
f2293182-a7f4-4cde-99cd-5a192401c749,/京剧之星：史依弘专辑/05 西施：想当年苎萝村春风吹遍.mp3,,3
ad7ade1d-40dd-4533-b4e2-58a4a660b13b,/京剧之星：史依弘专辑/06 西施：提起了吴宫心惆怅.mp3,337,2
5adc333c-086d-4771-9ebf-1d34a652c988,/京剧之星：史依弘专辑/07 宇宙锋：老爹爹发恩德将本修上.mp3,337,1
e39b346e-ccf9-4c5d-8e6a-aa6a216db128,/京剧之星：史依弘专辑/08 宇宙锋：我这里假意儿懒睁杏眼.mp3,455.5,3
e6385d52-c56d-4197-ad9a-c89c9ae566eb,/京剧之星：史依弘专辑/09 昭君出塞：王昭君一似海枯石烂.mp3,,3
b19d1921-9119-4a57-8c78-540ca09f09b9,/京剧之星：安平专辑/01 黑旋风李逵：心纷乱步沉重回转山寨.mp3,,1
551d0fe7-dbd6-430f-89b6-a75566be1e34,/京剧之星：安平专辑/02 铡美案：包龙图打坐在开封府.mp3,380,2
451c54fb-f5fb-432f-93a1-14b3f8207951,/京剧之星：安平专辑/03 赤桑镇：自幼儿蒙嫂娘训教抚养.mp3,385,1
00b7d03b-e68c-486e-9db3-d506c26791d8,/京剧之星：安平专辑/04 赤桑镇：恨包勉初为官贪赃枉上.mp3,385,2
6233c77b-f69e-4fd9-9148-c0872657f0ff,/京剧之星：安平专辑/05 刺王僚：列国之中干戈吼.mp3,380.39,2
2f469ef5-eec5-468a-9340-af00961a84a6,/京剧之星：安平专辑/06 将相和：在金殿定官职是非难辨.mp3,381.1,1
87b5c1b2-e718-4ae7-8662-dc4ae3efd3b1,/京剧之星：安平专辑/07 盗御马：将酒宴摆至在聚义厅上.mp3,381,2
31b00948-82d3-496c-81b7-6220cd4b1fb3,/京剧之星：安平专辑/08 赵氏孤儿：我魏绛闻此言如梦方醒.mp3,,3
58de9bc2-5394-452d-9eda-bdbc608b517b,/京剧之星：安平专辑/09 锁五龙：号令一声绑帐外.mp3,382,2
c06ad118-34ef-45d0-89d9-7e5af6e23786,/京剧之星：安平专辑/10 姚期：马杜岑奉王命把草桥来镇.mp3,380,1
2a99b613-2226-486f-b513-8902d8285ccc,/京剧之星：安平专辑/11 姚期：皇恩洗调老臣龙廷独往.mp3,384,1
a2709838-46c8-4851-9f7c-00fe3a9efcc2,/京剧之星：安平专辑/12 姚期：数万儿郎边关镇.mp3,380,1
9275ef34-31a2-478d-a5c3-298d5d627c3f,/京剧之星：安平专辑/13 姚期：谢过了我主爷赐臣酒饮.mp3,384,1
f6c8a1fb-4550-4589-afd6-2085fb6bc91d,/京剧之星：安平专辑/14 姚期：老臣年迈如霜降.mp3,380,1
ee2844ce-94ff-4c2b-bc78-222189c3985c,/京剧之星：安平专辑/15 姚期：马王兄赐某的饯行酒.mp3,382,2
477acf91-cedf-462e-bae5-380711a36738,/京剧之星：安平专辑/16 断密涧：在头上摘下了飞龙帽.mp3,383,2
9c1b722d-ae9c-45df-8dbb-72d56ce72075,/京剧之星：宋小川专辑/01 白门楼：每日里在宫中逍遥饮酒.mp3,353.5,2
b2abe879-b71a-409c-85b0-aecfc9986f67,/京剧之星：宋小川专辑/02 周仁献嫂：狼狈贼施伎俩逼人太甚.mp3,350,2
a3fdf22e-e28c-4f82-8f9a-5d7da50ebd2d,/京剧之星：宋小川专辑/03 白蛇传：那一日炉中焚宝香.mp3,515,3
f12ddcb4-b165-4bc6-aa95-55b6f505cda8,/京剧之星：宋小川专辑/04 柳荫记：我好似万箭穿心.mp3,,3
6baca177-f9d4-4394-9467-0ba9c9208dc4,/京剧之星：宋小川专辑/05 平贵别窑：听一言来珠泪洒.mp3,,3
6039995d-0129-41bf-8783-e4a3d20a8920,/京剧之星：宋小川专辑/06 赤壁之战--壮别：浩然正气冲霄汉.mp3,,3
3ab1cd98-d13e-4dc2-b80a-76a3feefd2ea,/京剧之星：宋小川专辑/07 罗成叫关：勒马停蹄站城道.mp3,352,1
b1988066-48cd-4407-889e-7086a23f7a71,/京剧之星：宋小川专辑/08 柳荫记：远山叠翠如含笑.mp3,334,2
e9794b6f-a797-4d7f-842a-a0c73639c2a5,/京剧之星：宋小川专辑/09 小宴：那一日在虎牢大摆战场.mp3,348.3,2
e1a00a13-c48f-4778-9c37-330feda55b22,/京剧之星：张克专辑/01 洪羊洞：为国家哪何曾半日闲空.mp3,348,1
53a5d559-9b69-47e0-8855-1195a3c43724,/京剧之星：张克专辑/02 洪羊洞：叹杨家投宋主心血用尽.mp3,342,1
f4b85e11-964c-4dbc-8db4-bb117870b3a0,/京剧之星：张克专辑/03 洪羊洞：自那日朝罢归身染重病.mp3,340,1
5bd5e089-6794-4370-98ac-5e000d10b4fd,/京剧之星：张克专辑/04 李逵碑：叹杨家秉衷心大宋扶保.mp3,,3
68a33a33-57c6-4f76-88a4-8234199ba6fa,/京剧之星：张克专辑/05 空城计：我本是卧龙岗散淡的人.mp3,336,2
2ccf4fd2-1f1b-41e2-ba8d-61c066aec6d1,/京剧之星：张克专辑/06 空城计：我正在城楼观山景.mp3,341.5,2
f89fb9e3-dc39-4439-9c38-94b34d0f662f,/京剧之星：张克专辑/07 击鼓骂曹：谗臣当道谟汉朝.mp3,348,2
77c36169-ff17-4d04-9a13-8d929904555b,/京剧之星：张克专辑/08 鱼肠剑：姜子牙无事隐钓溪.mp3,,2
21a6ca1e-c93e-49ae-b169-e8a19eac742b,/京剧之星：张克专辑/09 文昭关：一轮明月照窗前.mp3,343,1
331aa279-1a21-4510-9e43-a06dc861139a,/京剧之星：张建国专辑/01 洪羊洞：为国家哪何曾半日闲空.mp3,363,1
08ae453c-b9c2-4840-833d-0cbaafbb8467,/京剧之星：张建国专辑/02 洪羊洞：叹杨家投宋主心血用尽.mp3,356,1
fc937252-7075-4be7-ab75-7b8def950e96,/京剧之星：张建国专辑/03 洪羊洞：自那日朝罢归安然睡定.mp3,355,1
86a52f0b-bb55-445b-99cf-c39a8df641c9,/京剧之星：张建国专辑/04 将相和：封首相老将军难平怒气.mp3,355,1
9e774370-a40a-4f4a-b28b-717cadc5fd6b,/京剧之星：张建国专辑/05 将相和：说明了衷肠话你要仔细揣测.mp3,,1
23dd04f7-ce5c-428d-8057-cf689288f687,/京剧之星：张建国专辑/06 白帝城：实指望下江东把东吴灭尽.mp3,,1
8a7a9a32-9213-4f26-8440-1da3f325e921,/京剧之星：张建国专辑/07 白帝城：写遗诏不由孤我的珠泪滚滚.mp3,356.5,1
2c4b7434-e0e2-4983-9224-48f4d79b5b20,/京剧之星：张建国专辑/08 击鼓骂曹：平生志气云未通.mp3,338,2
4ecbb010-e81e-4825-ac68-ed90e70e2a8b,/京剧之星：张建国专辑/09 击鼓骂曹：丞相委用恩非小.mp3,,2
c2263b8c-856d-47f3-a402-c1e464b9ee59,/京剧之星：张建国专辑/10 击鼓骂曹：列公大人齐来劝我.mp3,,2
7030e75e-6da4-4ee5-aefb-33d1d3406ac4,/京剧之星：张建国专辑/11 击鼓骂曹：未曾开言我的心头恨.mp3,,2
27860f08-784f-4b51-b002-9924bafe1f31,/京剧之星：张建国专辑/12 将相和：奉王旨意秦国往.mp3,339,2
41b44a54-e711-4496-9317-044d10f9757f,/京剧之星：张建国专辑/13 范进中举：周学道他待我恩同再造.mp3,335,2
583655df-47d0-4c65-bc17-bcb26545feea,/京剧之星：张建国专辑/14 武家坡 ：提起当年泪不干.mp3,337,2
fe94957b-491d-4724-8bd5-cfb857daa884,/京剧之星：张建国专辑/15 珠帘寨：太保传令把队收.mp3,316,2
c05f6387-ec50-415b-9ecc-19527edbdd11,/京剧之星：张建国专辑/16 坐宫：未开言不由人泪流满面.mp3,330.5,2
b0358953-7c47-47f9-a2c8-c1fed7ed9052,/京剧之星：朱强专辑/01 甘露寺：劝千岁杀字休出口.mp3,327,2
972e24d8-4a54-4d3c-aab1-5bd9a07d1184,/京剧之星：朱强专辑/02 借东风：习天书学兵法犹如反掌.mp3,341,1
6755383f-5264-4355-8330-3fb201e01881,/京剧之星：朱强专辑/03 打鱼杀家：昨夜晚吃酒醉和衣而卧.mp3,334,2
6be44689-15da-4e07-8e8e-7d598a574479,/京剧之星：朱强专辑/04 打侄上坟：张公道三十五六子有靠.mp3,338,2
a411436e-1313-4373-878e-b88f6e299036,/京剧之星：朱强专辑/05 清宫册：接过了夫人酒一樽.mp3,338.5,1
562b0b4e-9ffa-4c8e-8f9a-b7ab601be4fc,/京剧之星：朱强专辑/06 清宫册：一轮明月照窗棂.mp3,333,1
5f9cdb52-98f1-4f0d-92f7-eb0f6f4a5b5b,/京剧之星：朱强专辑/07 马前泼水：走上前来苦哀告.mp3,,3
420b7eeb-a73f-4949-a82d-a5c72035528a,/京剧之星：朱强专辑/08 马前泼水：天生丽质几曾见.mp3,,3
0e8a3a2f-59ff-4a97-9880-512a1c63f9ee,/京剧之星：朱强专辑/09 马前泼水：风雪天花烛夜昨日情景.mp3,,2
3f81cef3-0f5e-419d-806e-91ade314d6d4,/京剧之星：朱强专辑/10 阎惜姣：忙罢了公事下了堂.mp3,,3
8957b4e4-e4e5-4044-9003-fa1ce00bf1ae,/京剧之星：朱强专辑/11 阎惜姣：适才路过大街上.mp3,,3
8523dd74-29f2-40f0-89a8-f7d1c328a0b9,/京剧之星：朱强专辑/12 阎惜姣：一言怒恼宋公明.mp3,,3
3dcae41a-795c-4b7d-979b-1b52aa42dd3a,/京剧之星：李佩红专辑/01 锁麟囊：（薛湘灵）春秋亭外风雨暴.mp3,330,2
4c482523-c2cb-4d98-8e22-66d74bc19d31,/京剧之星：李佩红专辑/02 春闺梦：（张氏）被纠缠陡想起婚时情景.mp3,,3
5d04e930-6494-4729-bd91-19cc0016c34f,/京剧之星：李佩红专辑/03 春闺梦：一霎时顿觉得身躯寒冷.mp3,295.5,1
77fed327-8dfd-4a33-aed0-0e22eefe1e60,/京剧之星：李佩红专辑/04 女起解：苏三离了洪洞县.mp3,338,2
99d45fdf-bb4e-4339-ad90-33132972f8d7,/京剧之星：李佩红专辑/05 荒山泪：谯楼上二更鼓声声送听.mp3,328.59,2
086d80ea-44dc-4ad7-87cd-db7e8e0090c0,/京剧之星：李佩红专辑/06 春闺梦：可怜负弩充前阵.mp3,324.37,2
e6a06233-2e4b-4ccc-8a9a-5ebab5fce2f4,/京剧之星：李佩红专辑/07 锁麟囊：幸逢这日晴和回家探望.mp3,325,2
4deff82c-2e83-4d83-889f-65ab51376e6f,/京剧之星：李佩红专辑/08 贺后骂殿：有贺后在金殿一声高骂.mp3,296,1
cdbf88f4-7a55-412e-b4b2-351f4c8aab49,/京剧之星：李军专辑/01 珠帘寨：太保传令把队收.mp3,332,2
c74bed80-dd70-45d4-9483-5d9b1f9b20d5,/京剧之星：李军专辑/02 珠帘寨：太保推杯换大斗.mp3,,2
ee6d0e42-148e-4172-890b-34d4638107f6,/京剧之星：李军专辑/03 珠帘寨：昔日有个三大贤.mp3,342,2
abe9dda6-5146-40db-b4e7-afac9fff8c00,/京剧之星：李军专辑/04 珠帘寨：贤弟抬头来观瞧.mp3,342,2
e64b6aa3-9be9-456d-8cc6-8c93d7d151ee,/京剧之星：李军专辑/05 秦琼卖马：店主东带过了黄骠马.mp3,338,2
44fd18da-0786-445c-bf1a-32e55bc8a349,/京剧之星：李军专辑/06 秦琼卖马：站立店中用目洒.mp3,344,2
c2ae617a-31eb-4e96-a91a-2950a8967d84,/京剧之星：李军专辑/07 上天台：金钟响御鼓催王登九重.mp3,340,1
05751c50-230c-4770-bced-bfb171d3ba95,/京剧之星：李军专辑/08 上天台：姚皇兄休得要告职归林.mp3,341,1
d0c4364a-ef40-4a5f-8db8-4449bd8d2975,/京剧之星：李军专辑/09 上天台：王离了龙书案好言奉进.mp3,340,1
5a82cbec-f30e-4e76-8750-1380408d326b,/京剧之星：李军专辑/10 法门寺：郿坞县在马上心神不稳.mp3,341.5,2
5175bb8e-99f8-4634-835c-199663623025,/京剧之星：李军专辑/11 战太平：叹英雄失势入罗网.mp3,343,2
4851edde-35ec-4574-a52c-beb5f193787b,/京剧之星：李军专辑/12 捉放曹：听他言吓得我心惊胆怕.mp3,340,2
b405f0e1-4692-4216-98a8-88e8a96c51df,/京剧之星：李军专辑/13 捉放曹：休道我言语多语有奸诈.mp3,366,2
164b42c5-7913-4fa2-a4fc-47b7347c86b4,/京剧之星：李军专辑/14 捉放曹：一轮明月照窗下.mp3,338.7,1
7a00d789-7913-4f29-8af3-fe19797515f3,/京剧之星：李宏图专辑/01 吕布与貂蝉：虎牢关前威名震.mp3,328.37,2
af0844d4-8ed6-401f-9651-be48c4c86686,/京剧之星：李宏图专辑/02 吕布与貂蝉：举目不禁神魂荡.mp3,328.37,2
cc1773a2-7bdf-4b86-8d9f-403c06ebe97a,/京剧之星：李宏图专辑/03 吕布与貂蝉：深感司徒情义大.mp3,328.37,2
bebdca92-3a76-44bd-a3ac-db29ef519739,/京剧之星：李宏图专辑/04 吕布与貂蝉：那一日在虎牢大摆战场.mp3,369,2
f858bdd4-84dc-4aa8-b0ac-937a37a714ee,/京剧之星：李宏图专辑/05 吕布与貂蝉：你我今日结朱陈.mp3,328.37,2
470465de-f59a-4a3f-9e63-81acbdf2f4b2,/京剧之星：李宏图专辑/06 吕布与貂蝉： 蓝桥已过银河阻.mp3,,2
e5f35748-07fe-4625-9a1a-dc0ea9cd8f89,/京剧之星：李宏图专辑/07 吕布与貂蝉：心中只把老贼恨.mp3,,2
3b807313-c85e-451d-9317-df217fc3e8ca,/京剧之星：李宏图专辑/08 吕布与貂蝉：实指望与小姐姻缘美满.mp3,,2
ffdba170-f8f8-41d4-b267-cf057565f316,/京剧之星：李宏图专辑/09 白门楼：每日里在宫中逍遥饮酒.mp3,367.5,2
d72e4e6e-f406-41a4-a644-6c0f341458b1,/京剧之星：李宏图专辑/10 白门楼：擒去陈宫张文远.mp3,366,2
9472125b-de7d-4f8f-a390-b1e67a2c5292,/京剧之星：李宏图专辑/11 白门楼：某一见貂蝉女心如烈火.mp3,363,2
5bb2da12-3066-4d90-9637-f86a3e5cdc6a,/京剧之星：李宏图专辑/12 白门楼：今日里在阵前大败一仗.mp3,368.5,2
a69e4ba7-43bd-4013-8199-a506d089c67e,/京剧之星：李宏图专辑/13 白门楼：大耳贼可记得辕门射戟.mp3,366,2
48d1442f-c18f-4987-bfb1-9c9cef9d3a80,/京剧之星：李宏图专辑/14 白蛇传：先只讲拜佛早回转.mp3,341.75,2
9de0ae68-6fb7-4d3b-8a4b-70e26ed77ab6,/京剧之星：李宏图专辑/15 白蛇传：那一日炉中焚宝香.mp3,513.5,3
9f59ffc4-b4d5-4fb1-bf23-81191340dc92,/京剧之星：李海燕专辑/01 梅妃：（江采萍）别院中起笙歌因风送听.mp3,298,1
025de69b-9352-4d06-b300-5043fa6abbca,/京剧之星：李海燕专辑/02 梅妃：（江采萍）傻丫头你不要伤心落泪.mp3,330,2
201f31ee-06a4-4d43-a80c-fbce8589a271,/京剧之星：李海燕专辑/03 陈三两：家住山东在临清.mp3,298,1
239ffd81-aaee-4881-9f95-22202fc69745,/京剧之星：李海燕专辑/04 宝马圆情：我和他吟诗作赋同挥画卷.mp3,332.3,2
06cd7171-9e86-4f18-bef4-361de3398724,/京剧之星：李海燕专辑/05 英台抗婚：（祝英台）纸钱飞香烟袅珠泪盈盈.mp3,440,2
0a07c955-ba2e-4dc2-aff8-c1095b138718,/京剧之星：李海燕专辑/06 龙凤呈祥：（孙尚香）昔日里梁鸿配孟光.mp3,329,2
ef473549-135b-40af-bbfa-9ae29169ed35,/京剧之星：李海燕专辑/07 鸳鸯冢：（王五姐）女儿家婚姻事羞人答答.mp3,283,1
5d1d7f32-1efd-47b8-ba9f-d5564466bc8a,/京剧之星：李海燕专辑/08 蝶恋花．答李淑一：我失骄杨君失柳.mp3,,3
26054c12-3578-4d64-a251-f8f694fbc41c,/京剧之星：杜镇杰专辑/01 文昭关：一轮明月照窗前.mp3,350,1
c12e345f-8c8e-45d1-bf05-8aec0a4135d5,/京剧之星：杜镇杰专辑/02 李陵碑：叹杨家秉忠心大宋扶保.mp3,,3
afc17266-ac4c-4ae3-b53a-a8f619bd923b,/京剧之星：杜镇杰专辑/03 捉放曹：听他言吓得我心惊胆怕.mp3,349,2
177dca1e-1300-4187-9bc4-719a56e82a0a,/京剧之星：杜镇杰专辑/04 击鼓骂曹：谗臣当道谋汉朝.mp3,355,2
a3cfd070-9419-4b43-84b8-3b94177bc228,/京剧之星：杜镇杰专辑/05 珠帘寨：昔日有个三大贤.mp3,346,2
bbc6bfd8-528c-4db2-b368-057ada750d14,/京剧之星：杜镇杰专辑/06 珠帘寨：贤弟抬头来观瞧.mp3,354,2
a54fadcc-3d02-42c9-96ec-6068006006fb,/京剧之星：杜镇杰专辑/07 战樊城：一封书信到樊城.mp3,352.5,2
2a3b81d0-edd0-47a3-96ef-6af6899819ca,/京剧之星：杜鹏专辑/01 法场换子：见夫人哭出了法场以外.mp3,290.32,3
2a482c75-ee4d-4719-8a1d-322368ca1599,/京剧之星：杜鹏专辑/02 秦琼卖马：店主东带过了黄骠马.mp3,352,2
17a54094-43a1-48cc-b685-fbfaafd3cf33,/京剧之星：杜鹏专辑/03 大保国：臣不奏前三皇后代五帝.mp3,350,1
89f557f0-7a25-4771-892f-9ad57897117e,/京剧之星：杜鹏专辑/04 捉放曹：听他言吓得我心惊胆怕.mp3,352,2
f16adc2f-46f4-4041-a2f6-17e3f775f530,/京剧之星：杜鹏专辑/05 捉放曹：休道我言语多必有奸诈.mp3,350,2
999917df-2282-49d4-ad95-e45d176fba64,/京剧之星：杜鹏专辑/06 捉放曹：一轮明月照窗下.mp3,351,1
e305c3e0-8029-4f29-bb86-6d562de739ff,/京剧之星：杜鹏专辑/07 战樊城：一封书信到樊城.mp3,352.5,2
0ab66cfa-263d-422b-b96f-bfc74bbd2cd8,/京剧之星：杜鹏专辑/08 朱砂痣：借灯光对娇娘用目观望.mp3,354,1
bcb5ecc9-b709-4da9-8571-97c9ee4191e4,/京剧之星：杜鹏专辑/09 战太平：叹英雄失智入罗网.mp3,351,2
43d5b76b-c143-4246-b1d7-90fdd66fe55d,/京剧之星：杜鹏专辑/10 二进宫：千岁爷进寒宫休要慌忙.mp3,347,1
fba0b317-97d4-4b99-a9b1-d7dff9c5363e,/京剧之星：杨赤专辑/01 九江口：看夕阳照枫林红似血染.mp3,350.54,1
1a9fb781-9557-4794-a59f-1cfb80ce04a6,/京剧之星：杨赤专辑/02 横槊赋诗：自起义兵把赋来讨.mp3,350.9,2
e3a531e5-96c8-4f0a-bfbe-4ba7474e5c43,/京剧之星：杨赤专辑/03 西门豹：月照水水映月星光灿烂.mp3,,3
4f6d815d-204b-44da-a3e6-9b8e89ec3709,/京剧之星：杨赤专辑/04 将相和：我前番在长街三把路挡.mp3,,1
72268326-84ba-4a7d-9c31-ab9a0940d69c,/京剧之星：杨赤专辑/05 李逵探母：一路行来暗思量.mp3,351,2
16db8b69-3374-4970-9b9d-7b3bf533a7cb,/京剧之星：杨赤专辑/06 李逵探母：老娘不必珠泪将.mp3,350,2
fbc0bb98-612d-4530-80c8-c8872d2d2f06,/京剧之星：杨赤专辑/07 李逵探母：老娘亲休听信恶语诽谤.mp3,,1
897a7b5f-f0f3-4c98-8881-f7fbc63bc5a2,/京剧之星：杨赤专辑/08 李逵探母：一见老母把命丧.mp3,,3
c0d36f86-f596-46f0-bd13-100091c1730b,/京剧之星：杨赤专辑/09 盗御马：将酒宴摆至在聚义厅上.mp3,352.79,2
7728fadc-dd43-4a7c-8826-dbb5fb6f17ad,/京剧之星：江其虎专辑/01 白蛇传：那一日炉中焚宝香.mp3,537,3
3c92e9d1-d17f-4547-b705-88f06ecb4cc9,/京剧之星：江其虎专辑/02 玉门关：离长安跨雕鞍按辔思想.mp3,365,2
ff34cee1-5259-4b9a-84ed-3f073b4f88d6,/京剧之星：江其虎专辑/03 玉门关：都只为保社稷远离国境.mp3,,2
dc8cc678-a32e-42b5-b50f-c2478ad04c03,/京剧之星：江其虎专辑/04 玉门关：听树梢风悠悠人烟寂静.mp3,279,1
72cf601c-788b-463d-aad0-078e173330cd,/京剧之星：江其虎专辑/05 玉门关：说什么敌众我寡难取胜.mp3,,2
c5fba35b-50d2-479d-a3e3-0e9adab72bee,/京剧之星：江其虎专辑/06 罗成托兆：黑暗暗雾沉沉随风飘荡.mp3,222,3
1d430518-dff4-49a1-9347-28d08bb0210e,/京剧之星：江其虎专辑/07 罗成托兆：天下荒荒无真主呀.mp3,388.2,1
21cabe2a-3ca6-47be-83ff-5a09abddf199,/京剧之星：江其虎专辑/08 罗成托兆：恨只恨三千岁挂了帅印.mp3,,2
b8990937-afcd-4a59-b292-2289813a1760,/京剧之星：江其虎专辑/09 群英会：曹孟德领人马惯绝粮道.mp3,349,2
1e881514-1311-40c8-9ba1-6dfb0ab542dc,/京剧之星：王珮瑜专辑/01 捉放曹：听他言吓得我心惊胆怕.mp3,372,2
689bceca-18eb-4ad1-9d1c-e54f61e55b7c,/京剧之星：王珮瑜专辑/02 沙桥饯别：提龙笔写牒文大唐国号.mp3,389,1
38b8e417-0325-4ba4-82f8-6cea51dd4384,/京剧之星：王珮瑜专辑/03 鱼藏剑：一事无成两鬓斑.mp3,373,2
0c25956f-0604-4594-8a74-cce99c3c2ea5,/京剧之星：王珮瑜专辑/04 乌盆记：老丈不必胆怕惊.mp3,385,1
92d749dc-2ae1-46e6-ae51-91ca88b66adb,/京剧之星：王珮瑜专辑/05 卖马耍锏：站立店中用目洒.mp3,371,2
bc131298-3302-4306-97c2-8020a33a4b86,/京剧之星：王珮瑜专辑/06 搜孤救孤：娘子不必太烈性.mp3,385.76,1
72f54f0a-d5e9-4f5b-9f60-bc4523b1088e,/京剧之星：王珮瑜专辑/07 搜孤救孤：白虎大堂奉了命.mp3,383,1
637ca54f-5d17-4af3-a6bf-7d62b00892c6,/京剧之星：王珮瑜专辑/08 失街亭：两国交锋龙虎斗.mp3,372,2
fa2a496e-6f9c-4aa7-b41c-a61c9a8fab1a,/京剧之星：王珮瑜专辑/09 空城计：我本是卧龙岗散淡的人.mp3,369,2
d99c6541-c375-496d-849d-3b431a1c6270,/京剧之星：王珮瑜专辑/10 捉放曹：一轮明月照窗下.mp3,385,1
f65c4270-57e9-4ff6-ab8d-55106a1847fd,/京剧之星：王珮瑜专辑/11 珠帘寨：昔日有个三大贤.mp3,374,2
8203b3b8-6e45-4e45-97b0-35259f1545bf,/京剧之星：王珮瑜专辑/12 战太平： 头戴着紫金盔齐眉盖顶.mp3,387,1
2578b09e-ca2e-4424-a967-b2f227cb3acf,/京剧之星：王珮瑜专辑/13 打侄上坟：张公道三十五六子有靠.mp3,374,2
95f88d03-ead0-44e0-bfff-2431b17399b7,/京剧之星：王珮瑜专辑/14 打侄上坟：提起二爹娘要掌儿的嘴.mp3,374,2
4f82e928-373c-4649-a666-977d9bcd81bf,/京剧之星：王珮瑜专辑/15 李陵碑：金乌坠玉兔升黄昏时候.mp3,383.76,1
0558a6c6-c1e0-4853-a861-65c86470d8e3,/京剧之星：王珮瑜专辑/16 伐东吴：忆昔当年长沙镇.mp3,368.9,2
c3da1d86-2e3f-4b27-b9f6-f01557e3598e,/京剧之星：王蓉蓉专辑/01 断桥：杀出了金山寺怒如烈火.mp3,340.25,2
d9e80e9e-5e20-4981-82b9-8b26d479af6c,/京剧之星：王蓉蓉专辑/02 断桥：西子湖依旧是当时一样.mp3,337.5,2
9ad62e6a-ced5-40c4-b69c-62571b0643fc,/京剧之星：王蓉蓉专辑/03 断桥：你忍心将我伤害.mp3,337.5,2
ad80e6af-61c6-41a1-ae61-414e732b0d0f,/京剧之星：王蓉蓉专辑/04 断桥：小青妹且慢举龙泉宝剑.mp3,337.5,3
d0de38b2-e389-4b2d-a64b-f4cd3f951d37,/京剧之星：王蓉蓉专辑/05 断桥：我与你患难交何出此言.mp3,337.5,2
999a8be0-c8a3-402d-b1aa-3c5b1e14ca6d,/京剧之星：王蓉蓉专辑/06 断桥：难得是患难中一家重见.mp3,337.5,2
cb9d300c-60c5-484d-8578-43f690cf61ac,/京剧之星：王蓉蓉专辑/07 祭塔：在塔中思娇儿心神不定.mp3,301,1
13cdcb83-d4d9-4a44-8854-35d3ea275bfb,/京剧之星：王蓉蓉专辑/08 祭塔：未开言不由娘珠泪双流.mp3,330.5,3
80d11ff6-f9aa-4f20-9c1e-ae0cd2ce9073,/京剧之星：王蓉蓉专辑/09 祭塔：此时间说不尽千般苦楚.mp3,,3
c895716e-f46c-4b96-bf3a-734fe7e6ff64,/京剧之星：管波专辑/01 红娘：一封书倒做了婚姻媒证.mp3,,3
e9933fa8-a684-433f-9899-80c181f72bbd,/京剧之星：管波专辑/02 红娘：我小姐红晕上粉面.mp3,,3
bb3782cf-6b9a-4945-bfea-6963edf6575b,/京剧之星：管波专辑/03 红娘：看小姐作出来许多破绽.mp3,,3
8b618924-b55a-4f49-a525-4a93a887d4f3,/京剧之星：管波专辑/04 红娘：叫张生隐藏在棋盘之下.mp3,,3
4f4bafa8-ddf3-4e7b-a897-fd812c4f1018,/京剧之星：管波专辑/05 红娘：这兄妹本是夫人话.mp3,359,2
0b6c3f56-415f-46e4-8b7e-c32653af763e,/京剧之星：管波专辑/06 红娘：小姐呀小姐你多丰采.mp3,,3
28f2c6ef-d0c3-482a-a632-dfd988d98b36,/京剧之星：管波专辑/07 金玉奴：对岳父唤金二令人可怜.mp3,298,1
06311aff-416a-4f77-a6e2-e3bed91563fb,/京剧之星：管波专辑/08 金玉奴：非是女儿不从命.mp3,305,1
dd460d8b-ff98-4cf3-9b43-534e4b87af12,/京剧之星：管波专辑/09 春草闯堂：薛公子他本是相府东床.mp3,328,2
58d8fd18-6960-45ae-bbd5-bfaccf084516,/京剧之星：管波专辑/10 霍小玉：夜失眠只觉得精神散漫.mp3,,3
4f103f5c-46ab-489a-9b7f-cb59fff27122,/京剧之星：管波专辑/11 霍小玉：曾记得那定情私语话衷肠.mp3,292,1
22543d79-14e0-4a3c-a795-643bd4163415,/京剧之星：管波专辑/12 辛安驿：见此人他生得十分俊雅.mp3,,3
40a0ec70-708e-42ba-ad76-9b2e1dcff342,/京剧之星：管波专辑/13 辛安驿：又是喜来又是忧.mp3,332,2
987d8cf9-6076-44a7-ab57-3ae006fa34d2,/京剧之星：管波专辑/14 诓妻嫁妹：小鸾英你与我多亲近.mp3,295.5,1
7c753c8f-7e78-47c8-9ded-21c059825bd2,/京剧之星：管波专辑/15 诓妻嫁妹：张郎苦把人缠绕.mp3,,3
c8541ce6-81c7-4893-9168-a747d2036601,/京剧之星：管波专辑/16 诓妻嫁妹：素秋女只哭得泪如雨降.mp3,441.8,3
dbe3b39c-5831-4097-a3cc-b96d5fb70758,/京剧之星：管波专辑/17 诓妻嫁妹：事事万般难猜想.mp3,278,1
15c147f1-ea3d-4bdb-a867-7f5332393f86,/京剧之星：管波专辑/18 诓妻嫁妹：素秋心中刀扎样.mp3,,3
d4aacd1f-6e9b-4fb4-bcb3-822e06757a76,/京剧之星：管波专辑/19 诓妻嫁妹：都只为不嫌你贫穷境况.mp3,,3
768667b6-0f27-49d1-8743-3d68217127d7,/京剧之星：管波专辑/20 诓妻嫁妹：大人不必装不省.mp3,341.5,2
4c67acd4-205d-4249-8b30-c8d75273e580,/京剧之星：管波专辑/21 诓妻嫁妹：替兄赎罪风节凛.mp3,336,2
7695f2c1-e34a-4394-94fc-2c16ce7b059c,/京剧之星：管波专辑/22 花田错：非是我嘱咐叮咛把话讲.mp3,335.42,2
faf8742f-a763-458d-b237-d935b55cab49,/京剧之星：耿巧云专辑/01 卖水：行行走，走行行.mp3,,3
712bc927-d1b3-47f3-bcdc-9f0afc4df917,/京剧之星：耿巧云专辑/02 红娘：一封书倒做了婚姻媒证.mp3,,3
bcee0c06-8a5f-41bb-bfcc-488aa06cb0a8,/京剧之星：耿巧云专辑/03 红娘：叫张生隐藏在棋盘之下.mp3,,3
3460681b-d17f-4e6d-92f2-d8e79eba8072,/京剧之星：耿巧云专辑/04 红娘：这兄妹本是夫人话.mp3,371,2
0163294c-1ff3-496b-a4dd-a2e211ecfeeb,/京剧之星：耿巧云专辑/05 红娘：看小姐红晕上粉面.mp3,,3
5f6a20b0-a694-44ef-9114-b9bae03c18ac,/京剧之星：耿巧云专辑/06 红娘：看小姐作出来许多的破绽.mp3,,3
7b5a6f78-6064-4513-bc1c-110ae1e7243c,/京剧之星：耿巧云专辑/07 红娘：小姐呀小姐你多丰采.mp3,,3
ad7cc57a-3d0a-4a9e-94ba-4eb093291d8d,/京剧之星：耿巧云专辑/08 红娘：你枉读诗书习经典.mp3,347,2
3235a09f-55a4-45dd-a0cd-b5c5bc2c7c4a,/京剧之星：耿巧云专辑/09 春草闯堂：薛公子他本是相府东床.mp3,332,2
6ca1247a-571d-478a-8bd0-d1c8680c833e,/京剧之星：耿巧云专辑/10 春草闯堂：好话说了千千万.mp3,,2
ede6ed69-b4f8-4fcb-83ba-e4f188dc4737,/京剧之星：耿巧云专辑/11 春草闯堂：我小姐回府来悄悄言讲.mp3,,3
0580f206-ad57-4682-804c-6ddbc1d3419a,/京剧之星：耿巧云专辑/12 金玉奴：人生在天地间要忠原.mp3,330,2
556ce5cb-11c8-4378-b22e-fdd7190de5c4,/京剧之星：耿巧云专辑/13 金玉奴：林大人他与我巧计设定.mp3,301,1
2cce9e01-e93d-49ad-a60d-557f195a6f57,/京剧之星：耿巧云专辑/14 金玉奴：非是女儿不从命.mp3,305,1
bb80b8fd-71a1-45f7-b644-ae33e8f82d6c,/京剧之星：耿巧云专辑/15 辛安驿：奴本是闺中女红颜绿鬓.mp3,,2
d1e6ee5e-7669-4452-8044-6881fd941420,/京剧之星：耿巧云专辑/16 辛安驿：又是喜来又是忧.mp3,335,2
52b2f508-4078-442b-8314-709368fec80f,/京剧之星：耿巧云专辑/17 红楼二尤：鸳鸯剑泛银光柔情流荡.mp3,336,3
cdb1edb9-0dbf-4dd8-9aaf-9bd340082291,/京剧之星：耿巧云专辑/18 桃花村：非是我嘱咐叮咛把话讲.mp3,335,2
703e2b4c-b525-4ab8-9327-4db6ad3b0837,/京剧之星：耿巧云专辑/19 女驸马：状元及第好威风.mp3,331,1
f1480fc1-88c6-49a2-8805-77a874cf853d,/京剧之星：董圆圆专辑/01 贵妃醉酒：海岛冰轮初转腾.mp3,,3
b785a538-295a-4339-a2c4-ea829dbb9234,/京剧之星：董圆圆专辑/02 霸王别姬：看大王在帐中和衣睡稳.mp3,332.5,3
2e62ea07-607e-4b88-b508-bb55cf84e30c,/京剧之星：董圆圆专辑/03 洛神赋：一只玉枕光灿灿.mp3,,1
a0f237af-945c-4ca0-93fb-ba3008cf7ba1,/京剧之星：董圆圆专辑/04 洛神赋：忽闻此事心惊战.mp3,,2
580b1571-f600-4d7e-8c61-a9dec3b26089,/京剧之星：董圆圆专辑/05 洛神赋：我生之出尚无为.mp3,,1
2d0ba95c-e4d4-44f6-a975-dc21a70f4800,/京剧之星：董圆圆专辑/06 洛神赋：秋风夜秋风冷风吹菏淀.mp3,,3
0181e533-e529-4fdd-b274-62448767528e,/京剧之星：董圆圆专辑/07 洛神赋：屏翳收风天晴明.mp3,327,2
6bb60b14-47c4-43cd-a1c5-205172ff6fa8,/京剧之星：袁慧琴专辑/01 对花枪：我的家祖居南阳地.mp3,,3
9252255d-da87-496b-b102-f2d59b2a1389,/京剧之星：袁慧琴专辑/02 对花枪：空盼望气难忍我好心伤.mp3,500,3
5593350d-4a2d-4288-b3c6-b57b7f3c8dd4,/京剧之星：袁慧琴专辑/03 杨门女将：一句话恼得我火燃双鬃.mp3,352.1,2
85a429dc-ca20-43c4-8ee0-8a2b87334ff9,/京剧之星：袁慧琴专辑/04 杨门女将：乘月光瞭敌营山高势险.mp3,393,1
0bb3d12d-c811-4634-82db-a8b0203ee541,/京剧之星：袁慧琴专辑/05 李逵探母：大不该儿打伤人把大祸闯下.mp3,396,1
ed4e9077-5104-4683-811d-f8f3ddacd83c,/京剧之星：袁慧琴专辑/06 钓金龟：叫张义我的儿呀听娘教训.mp3,385,1
deeacec4-b6fe-4427-9df3-5e94df5ede31,/京剧之星：袁慧琴专辑/07 四郎探母：一见娇儿泪满腮.mp3,356,2
13232f4c-0362-4462-af2d-5eb3ba773a67,/京剧之星：袁慧琴专辑/08 火醒神州：转眼间人去镂空风萧瑟.mp3,,3
63304949-492e-43a6-808e-8f230ad8b932,/京剧之星：赵秀君专辑/01 状元媒：天波府忠良将宫中久仰.mp3,,3
a958f261-d6c1-4d5a-9ea4-5fcbbd9d6499,/京剧之星：赵秀君专辑/02 状元媒：自那日与六郎阵前相见.mp3,291.8,1
da7ab8ea-c159-4f3d-8251-0246c692cf94,/京剧之星：赵秀君专辑/03 状元媒：到此时顾不得抛头露面.mp3,322.76,2
957c756b-154b-4041-9dc8-d12487807ea5,/京剧之星：赵秀君专辑/04 状元媒：珍珠衫本来是老王遗赠.mp3,317.5,2
2a774b33-c2d4-4c1d-9fd7-e011a0dfe9c4,/京剧之星：赵秀君专辑/05 状元媒：傅丁奎休要发颠狂.mp3,293,2
d49598f3-137d-426e-ace3-81f384cfb8a6,/京剧之星：赵秀君专辑/06 楚宫恨：费无极说话太无赖.mp3,,2
ba89ddae-538f-4762-b864-38fab6a90a0e,/京剧之星：赵秀君专辑/07 楚宫恨：子胥一言来提醒.mp3,294,1
fcb4049c-2533-4df5-b750-977dfab5fa12,/京剧之星：赵秀君专辑/08 楚宫恨：三年来我来向你吐露真言.mp3,260,1
363c1cf4-f035-4b34-bc20-6fd6f7aa5ec9,/京剧之星：迟小秋专辑/01 锁麟囊：怕流水年华春去渺.mp3,,3
11a44af7-e29a-4c50-aa38-6139d37ca306,/京剧之星：迟小秋专辑/02 锁麟囊：春秋亭外风雨暴.mp3,326,2
ff9f605c-1296-4656-b15b-b4d32c6aa266,/京剧之星：迟小秋专辑/03 锁麟囊：耳听得悲声惨心中如捣.mp3,329,2
9921dee8-984f-45b3-a596-e0b2aeb62704,/京剧之星：迟小秋专辑/04 锁麟囊：幸逢这日晴和回家探望.mp3,329,2
e3981836-9930-451d-a358-688b1c3b20e3,/京剧之星：迟小秋专辑/05 锁麟囊：啊！老娘亲.mp3,325,2
3d646d93-6403-4754-937e-34413670a492,/京剧之星：迟小秋专辑/06 锁麟囊：一霎时把七情俱已昧尽.mp3,300.5,1
a0a35183-985b-48ef-b0c9-7fd3ae555d34,/京剧之星：迟小秋专辑/07 锁麟囊：当日里好风光忽觉转变.mp3,329,2
3f795fd0-fa13-4a18-b0a8-b9c8f839630b,/京剧之星：迟小秋专辑/08 锁麟囊：换珠衫依旧是富贵容样.mp3,325,2
6b98c975-b390-4a9a-aa11-f6eeaf74ff00,/京剧之星：迟小秋专辑/09 锁麟囊：这才是人生难预料.mp3,327.5,2
70efefc3-f0dc-4591-b26b-afc1d5c550ee,/京剧之星：郑子茹专辑/01 对花枪：我的家祖居南阳地.mp3,,3
afd9da3d-418b-4dfc-85d4-6d5829b9c7e2,/京剧之星：郑子茹专辑/02 对花枪：叫孙儿你与我速备纸砚.mp3,349,2
91ae2266-a09c-4bd5-bdf5-84ae058efc2f,/京剧之星：郑子茹专辑/03 对花枪：空盼望气难忍我好心伤.mp3,478.5,3
6a85fcd0-d1a1-4f40-ab0f-440df375dc79,/京剧之星：郑子茹专辑/04 遇皇后：想当年在皇宫何等安好.mp3,419,1
67069b89-fe41-4509-9aba-5cc33d9c8e53,/京剧之星：郑子茹专辑/05 行路训子：自黄昏只走得金鸡叫.mp3,392.9,1
75ac228f-2593-4568-882b-aeaf70176b0b,/京剧之星：郑子茹专辑/06 行路训子：自那日张义儿离别寒窑.mp3,,1
e87ef27c-c6a1-4482-ad6b-8e3f3cf4c49f,/京剧之星：郭跃进专辑/01 打龙袍：龙车凤辇进皇城.mp3,364.46,2
04baa4f1-4726-4318-8c46-bc2831eeb470,/京剧之星：郭跃进专辑/02 李逵探母：铁牛孩儿回家转.mp3,,3
8bd902c7-ca16-4fc9-966d-13c6a60bee55,/京剧之星：郭跃进专辑/03 佘太君辞朝：佘氏女泪别了帅府门.mp3,370,2
ffb782a7-17df-48c9-b015-0f9cf3cb5cea,/京剧之星：郭跃进专辑/04 响马传：草堂上展开那豪气洋洋.mp3,,3
f581a2b2-ff94-4e03-91f8-d278b01d6fc4,/京剧之星：郭跃进专辑/05 钓金龟：叫张义我的儿啊.mp3,410,1
51e0a2e7-acd4-48e4-b230-a45b7aa97a04,/京剧之星：郭跃进专辑/06 罢宴：想当年先太爷早把命丧.mp3,,3
135b1bc3-d6c9-440a-ba28-c5301646afc4,/京剧之星：郭跃进专辑/07 岳母刺字：鹏举儿战草堂听娘言进.mp3,365,2
60aa9e82-182f-4ce9-8b9e-a0369e1d9f8b,/京剧之星：郭跃进专辑/08 八珍汤：捧一盏热茶寒肠回暖.mp3,,3
cab5c333-7583-4384-98df-70bb0541e973,/京剧之星：陈俊杰专辑/01 铫期：皇恩洗调老臣龙廷独往.mp3,356.36,1
247f43b4-39b7-4481-b462-1a54cc7f714f,/京剧之星：陈俊杰专辑/02 铫期：数万儿郎边关镇.mp3,356.36,1
c330844d-664b-4c4a-92fe-14468e04bf9b,/京剧之星：陈俊杰专辑/03 铫期：老臣年迈如霜降.mp3,356.36,1
bc86b730-b7bb-46ba-a771-2d0e6304b459,/京剧之星：陈俊杰专辑/04 铡美案：包龙图打坐在开封府.mp3,354,2
0ec6a46c-48d8-4312-8b16-436d433b8495,/京剧之星：陈俊杰专辑/05 将相和：在金殿定官职是非难辨.mp3,356,1
59a3ea9c-5293-45e9-982b-aae50066cf28,/京剧之星：陈俊杰专辑/06 将相和：廉颇闻言暗思忖.mp3,354,2
a9896439-46ce-4a37-a6ed-3a5c998bd6cf,/京剧之星：陈俊杰专辑/07 盗御马：将酒宴摆至在聚义厅上.mp3,352.79,2
f9f02dbf-9a86-4a0e-af18-453f148eea39,/京剧之星：陈俊杰专辑/08 探皇陵：听谯楼打罢了初更时候.mp3,358.1,1
9869e1e6-dd9f-4502-bf8e-d3ccbfa0b302,/京剧之星：陈俊杰专辑/09 二进宫：说什么学韩信命丧未央.mp3,357,1
69b45140-4925-4b49-b860-29d9a14b6f61,/京剧之星：陈俊杰专辑/10 刺王僚：列国之中干戈吼.mp3,347.45,2
4d079944-3df0-4538-a266-28729472c0c6,/京剧之星：陈俊杰专辑/11 赤桑镇：自幼儿蒙嫂娘训教抚养.mp3,349,1
fb7cf480-8a39-4ac4-9285-f29eb1c8d23c,/京剧之星：陈俊杰专辑/12 赵氏孤儿：我魏绛闻此言如梦方醒.mp3,,3
06e6e224-e990-4297-90c3-18956c1346b6,/京剧之星：陈俊杰专辑/13 锁五龙：号令一声绑帐外.mp3,352.79,2
4c7363bc-517c-466d-9be1-8f9b1fe98357,/京剧之星：陈俊杰专辑/14 探阴山：扶大宋锦华夷赤心肝胆.mp3,355,1
aec9929b-69b4-4ca5-b998-f4d54ac426cb,/京剧之星：靳学斌专辑/01 周仁献嫂：劝娘子休得要如此毁谤.mp3,282,1
1d7040a4-c200-41bb-a024-488d3f915f18,/京剧之星：靳学斌专辑/02 周仁献嫂：迷惘惘葬埋了我的妻.mp3,,3
aa65ec22-9908-45e7-8098-590fd0a971cc,/京剧之星：靳学斌专辑/03 周仁献嫂：换乌纱好一似头顶罪状.mp3,,2
726bf9cb-6ca9-42fa-ab02-3ac4e764652b,/京剧之星：靳学斌专辑/04 周仁献嫂：狼狈贼施伎俩逼人太甚.mp3,335,2
206d833f-b194-40cc-92d1-7a632fbef603,/京剧之星：靳学斌专辑/05 周仁献嫂：一霎时心儿内横穿万箭.mp3,,2
7cd43e8b-f89e-410b-8e0d-8918e67679f9,/京剧之星：靳学斌专辑/06 罗成叫关：勒马停蹄站城道.mp3,389.4,1
b071f176-5532-461d-a405-1ac72ef1f269,/京剧之星：靳学斌专辑/07 罗成叫关：十指连心痛煞了人.mp3,392.5,2
8dd0e775-52d8-42a5-8ffc-d1b3dd04933a,/京剧之星：靳学斌专辑/08 四郎探母：帐中领了父帅令.mp3,344,2
7a3d4749-38cd-41d0-a865-147471dfd6ac,/京剧之星：靳学斌专辑/09 白门楼：每日里在宫中逍遥饮酒.mp3,355,2
74a7d61c-ece5-4b43-a085-0496bd57122c,/京剧之星：靳学斌专辑/10 小宴：那一日在虎牢大摆战场.mp3,353,2
4d7febe2-a73b-4908-aee7-150c77a58a53,/京剧之星：黄炳强专辑/01 海瑞背纤：我自从到淳安正印执掌.mp3,,1
fa9483d8-ab8c-4bfe-83b6-5c800f866686,/京剧之星：黄炳强专辑/02 海瑞背纤：你二人休得要错打盘算.mp3,,3
e1b7eb88-80a1-4bf9-afb3-8d2ab9cca40d,/京剧之星：黄炳强专辑/03 海瑞背纤：大明朝清苗法设有条款.mp3,,2
5b4a40d6-e5d5-480f-8e39-5170042989b7,/京剧之星：黄炳强专辑/04 海瑞背纤：与国公替万岁算一算清帐.mp3,331,2
4fa8a85c-5db2-45ca-beff-33bba9964fea,/京剧之星：黄炳强专辑/05 朱痕记：听我妻赵锦棠言讲一遍.mp3,,2
be151407-34a5-46c2-afd0-de791c1e7914,/京剧之星：黄炳强专辑/06 朱痕记：见坟台不由人泪流满面.mp3,,3
2862fcf4-73d6-4ae6-a30f-3572e0944e6f,/京剧之星：黄炳强专辑/07 洪羊洞：为国家哪何曾半日闲空.mp3,354,1
3da7d9e5-783d-4259-9259-cc0874a39c5d,/京剧之星：黄炳强专辑/08 洪羊洞：叹杨家投宋主心血用尽.mp3,347.45,1
be808bac-ce71-4b53-8526-0b17b52f0cbf,/京剧之星：黄炳强专辑/09 洪羊洞：自那日朝罢归安然睡定.mp3,350,1
344893db-a7c6-462f-a9da-f626cbccd30a,/京剧之星：黄炳强专辑/10 文昭关：一轮明月照窗前.mp3,349,1
9848a41c-4623-46c3-853b-c32d5f65f774,/京剧之星：黄炳强专辑/11 文昭关：心中有事难合眼.mp3,348,1
c773aa47-65a7-4b68-be97-173ec1a1823a,/京剧之星：黄炳强专辑/12 文昭关：伍员在头上换儒巾.mp3,345,2
bd007da8-467f-42cc-a705-b2eb067215b6,/京剧之星：黄炳强专辑/13 鱼肠剑：姜子牙无事隐钓溪.mp3,350,2
cad8b400-d694-420f-8054-46899af03f1d,/京剧之星：黄炳强专辑/14 鱼肠剑：站在街头用目觑.mp3,,2
49f1d585-cee1-4503-bf80-1ff70b8df614,/京剧之星：黄炳强专辑/15 鱼肠剑：富贵穷通不由己.mp3,350,2
